{"song":{"sectionLengths":[],"player1":"bf","notes":[{"sectionNotes":[[0,0,0],[600,3,0],[1200,1,0],[1320,3,0],[1440,2,0],[1680,2,0],[240,1,0]],"lengthInSteps":16,"typeOfSection":0,"mustHitSection":false},{"sectionNotes":[[1920,0,0],[2760,2,0],[3120,1,0],[3240,3,0],[3600,2,0],[2160,1,0],[2520,2,0]],"lengthInSteps":16,"typeOfSection":0,"mustHitSection":true},{"sectionNotes":[[3840,0,0],[4680,2,0],[5040,1,0],[5160,3,0],[4080,1,0],[4320,3,0],[5520,1,0]],"lengthInSteps":16,"typeOfSection":0,"mustHitSection":false},{"sectionNotes":[[5760,0,0],[6600,2,0],[6960,1,0],[7080,3,0],[7200,2,0],[6000,1,0],[6240,3,0],[7440,0,120]],"lengthInSteps":16,"typeOfSection":0,"mustHitSection":true},{"sectionNotes":[[8310,1,120],[8520,3,120],[8760,1,0],[9240,2,0],[9360,0,120],[7920,1,120]],"lengthInSteps":16,"typeOfSection":0,"mustHitSection":false},{"sectionNotes":[[10230,1,120],[10440,3,120],[10680,1,0],[11160,2,0],[11280,0,120],[9840,1,120]],"lengthInSteps":16,"typeOfSection":0,"mustHitSection":true},{"sectionNotes":[[11640,1,0],[11880,2,0],[12120,1,0],[12960,1,0],[13200,3,120],[12774,3,0],[12480,1,0]],"lengthInSteps":16,"typeOfSection":0,"mustHitSection":false},{"sectionNotes":[[13560,1,0],[13800,2,0],[14040,1,0],[14880,1,0],[15120,3,120],[14694,3,0],[14400,1,0]],"lengthInSteps":16,"typeOfSection":0,"mustHitSection":true},{"sectionNotes":[[16806,1,0],[16953,3,0],[15360,1,360],[15960,3,360],[16440,2,360]],"lengthInSteps":16,"typeOfSection":0,"mustHitSection":false},{"sectionNotes":[[17400,3,0],[17640,2,0],[17880,1,0],[18000,3,0],[18240,0,0],[18480,2,240],[18720,1,0],[18840,3,0]],"lengthInSteps":16,"typeOfSection":0,"mustHitSection":false},{"sectionNotes":[[20646,1,0],[20793,3,0],[19200,1,360],[19800,3,360],[20280,2,360]],"lengthInSteps":16,"typeOfSection":0,"mustHitSection":true},{"sectionNotes":[[21240,3,0],[21480,2,0],[21720,1,0],[21840,3,0],[22080,0,0],[22320,2,240],[22560,1,0],[22680,3,0]],"lengthInSteps":16,"typeOfSection":0,"mustHitSection":true},{"sectionNotes":[[23280,1,0],[23640,1,0],[23880,3,0],[24120,2,0],[24360,1,0],[24600,1,0],[24720,3,0]],"lengthInSteps":16,"typeOfSection":0,"mustHitSection":false},{"sectionNotes":[[25200,1,0],[25560,1,0],[25800,3,0],[26040,2,0],[26280,1,0],[26520,1,0],[26640,3,0]],"lengthInSteps":16,"typeOfSection":0,"mustHitSection":true},{"sectionNotes":[[27000,1,0],[27240,2,0],[27480,1,0],[27960,0,0],[27720,3,0],[28200,1,0],[28440,2,0]],"lengthInSteps":16,"typeOfSection":0,"mustHitSection":false},{"sectionNotes":[[28920,1,0],[29160,2,0],[29400,1,0],[29880,0,0],[29640,3,0],[30120,1,0],[30360,2,0]],"lengthInSteps":16,"typeOfSection":0,"mustHitSection":true},{"sectionNotes":[[30720,3,480],[31320,2,480],[31920,1,360],[32400,0,0],[32520,3,0]],"lengthInSteps":16,"typeOfSection":0,"mustHitSection":false},{"sectionNotes":[[32760,0,0],[33000,3,0],[33240,2,0],[33600,1,0],[33840,2,0],[34080,3,0],[34200,1,0],[34440,1,0]],"lengthInSteps":16,"typeOfSection":0,"mustHitSection":false},{"sectionNotes":[[34560,3,480],[35160,2,480],[35760,1,360],[36240,0,0],[36360,3,0]],"lengthInSteps":16,"typeOfSection":0,"mustHitSection":true},{"sectionNotes":[[36600,0,0],[36840,3,0],[37080,2,0],[37440,1,0],[37680,2,0],[37920,3,0],[38040,1,0],[38280,1,0]],"lengthInSteps":16,"typeOfSection":0,"mustHitSection":true},{"sectionNotes":[[38400,1,0],[38760,1,0],[39000,2,0],[38400,5,240],[39120,6,240],[39840,7,240],[39360,1,0],[39600,1,0],[39720,1,0],[39960,2,0]],"lengthInSteps":16,"typeOfSection":0,"mustHitSection":false},{"sectionNotes":[[40320,2,0],[40560,2,0],[40680,1,0],[41040,2,0],[41280,2,0],[41520,3,0],[41760,1,0],[42000,2,0],[40320,6,120],[41040,4,120],[41760,7,120]],"lengthInSteps":16,"typeOfSection":0,"mustHitSection":false},{"sectionNotes":[[42240,5,240],[43080,7,240],[43800,6,240],[42240,3,0],[42360,3,0],[42480,3,0],[42600,2,0],[42840,1,0],[43080,3,0],[43320,2,0],[43560,2,0],[43680,1,0],[43800,3,0],[43920,2,0],[44040,1,0]],"lengthInSteps":16,"typeOfSection":0,"mustHitSection":false},{"sectionNotes":[[44160,6,480],[44160,1,0],[44520,1,0],[44640,1,0],[44760,1,0],[44880,1,0],[45120,3,0],[45360,3,0],[45480,2,0],[45600,1,0],[45720,3,0],[44880,4,240],[45720,6,360]],"lengthInSteps":16,"typeOfSection":0,"mustHitSection":false},{"sectionNotes":[[46080,2,0],[46320,2,0],[46440,1,0],[46800,2,0],[47040,2,0],[47280,3,0],[47520,1,0],[47760,2,0],[46080,6,120],[46800,4,120],[47520,7,120]],"lengthInSteps":16,"typeOfSection":0,"mustHitSection":true},{"sectionNotes":[[48000,5,240],[48840,7,240],[49560,6,240],[48000,3,0],[48120,3,0],[48240,3,0],[48360,2,0],[48600,1,0],[48840,3,0],[49080,2,0],[49320,2,0],[49440,1,0],[49560,3,0],[49680,2,0],[49800,1,0]],"lengthInSteps":16,"typeOfSection":0,"mustHitSection":true},{"sectionNotes":[[49920,6,480],[49920,1,0],[50280,1,0],[50400,1,0],[50520,1,0],[50640,1,0],[50880,3,0],[51120,3,0],[51240,2,0],[51360,1,0],[51480,3,0],[50640,4,240],[51480,6,360]],"lengthInSteps":16,"typeOfSection":0,"mustHitSection":true},{"sectionNotes":[[51840,2,0],[52080,2,0],[52200,1,0],[52560,2,0],[52800,2,0],[53040,3,0],[53280,1,0],[53520,2,0],[51840,6,120],[52560,4,120],[53280,7,120]],"lengthInSteps":16,"typeOfSection":0,"mustHitSection":true},{"sectionNotes":[[54000,1,0],[54240,2,0],[54360,2,0],[54600,1,0],[54840,3,0],[55080,2,0],[55200,1,0],[55320,3,120]],"lengthInSteps":16,"typeOfSection":0,"mustHitSection":false},{"sectionNotes":[[55920,1,0],[56160,2,0],[56280,2,0],[56520,1,0],[56760,3,0],[57000,2,0],[57120,1,0],[57240,3,120]],"lengthInSteps":16,"typeOfSection":0,"mustHitSection":true},{"sectionNotes":[[57720,1,0],[57840,2,0],[57960,3,0],[58200,2,0],[58440,0,0],[58560,3,0],[58800,2,240],[59160,1,0],[59280,2,0],[59400,3,0]],"lengthInSteps":16,"typeOfSection":0,"mustHitSection":false},{"sectionNotes":[[59640,1,0],[59760,2,0],[59880,3,0],[60120,2,0],[60360,0,0],[60480,3,0],[60720,2,240],[61080,1,0],[61200,2,0],[61320,3,0]],"lengthInSteps":16,"typeOfSection":0,"mustHitSection":true},{"typeOfSection":0,"sectionNotes":[[61440,2,360],[62040,3,360],[62640,2,360]],"lengthInSteps":16,"bpm":100,"changeBPM":false,"mustHitSection":false},{"typeOfSection":0,"sectionNotes":[[63480,1,0],[63840,1,0],[64080,3,0],[64200,2,0],[64368,1,0],[64680,1,0],[64800,2,0],[64920,3,0]],"lengthInSteps":16,"altAnim":false,"bpm":100,"changeBPM":false,"mustHitSection":false},{"lengthInSteps":16,"altAnim":false,"typeOfSection":0,"sectionNotes":[[65280,2,360],[65880,3,360],[66480,2,360]],"bpm":100,"changeBPM":false,"mustHitSection":true},{"lengthInSteps":16,"altAnim":false,"typeOfSection":0,"sectionNotes":[[67320,1,0],[67680,1,0],[67920,3,0],[68040,2,0],[68208,1,0],[68520,1,0],[68640,2,0],[68760,3,0]],"bpm":125,"changeBPM":false,"mustHitSection":true},{"lengthInSteps":16,"altAnim":false,"typeOfSection":0,"sectionNotes":[[69120,1,0],[69120,5,0],[69480,5,0],[69480,1,0],[69720,6,0],[69720,2,0],[69960,7,0],[69960,3,0],[70200,6,0],[70200,2,0],[70440,5,0],[70440,1,0],[70680,6,0],[70680,2,0],[70800,5,0],[70800,1,0]],"bpm":125,"changeBPM":false,"mustHitSection":true},{"lengthInSteps":16,"altAnim":false,"typeOfSection":0,"sectionNotes":[[71040,5,0],[71040,1,0],[71280,5,0],[71280,1,0],[71520,5,0],[71520,1,0],[71640,7,0],[71640,3,0],[71880,6,0],[71880,2,0],[72120,5,0],[72120,1,0],[72240,6,0],[72240,2,0],[72360,4,0],[72360,0,0],[72600,5,0],[72600,1,0],[72720,5,0],[72720,1,0]],"bpm":125,"changeBPM":false,"mustHitSection":true},{"lengthInSteps":16,"altAnim":false,"typeOfSection":0,"sectionNotes":[[72960,5,0],[72960,1,0],[73200,5,0],[73200,1,0],[73440,5,0],[73440,1,0],[73560,7,0],[73560,3,0],[73800,6,0],[73800,2,0],[74040,5,0],[74040,1,0],[74160,6,0],[74160,2,0],[74280,4,0],[74280,0,0],[74520,5,0],[74520,1,0],[74640,5,0],[74640,1,0]],"bpm":125,"changeBPM":false,"mustHitSection":true},{"lengthInSteps":16,"altAnim":false,"typeOfSection":0,"sectionNotes":[[74880,5,0],[74880,1,0],[75120,5,0],[75120,1,0],[75360,5,0],[75360,1,0],[75480,7,0],[75480,3,0],[75720,6,0],[75720,2,0],[75960,5,0],[75960,1,0],[76080,6,0],[76080,2,0],[76200,4,0],[76200,0,0],[76440,5,0],[76440,1,0],[76560,5,240],[76560,1,240]],"bpm":125,"changeBPM":false,"mustHitSection":true},{"lengthInSteps":16,"altAnim":false,"typeOfSection":0,"sectionNotes":[],"bpm":125,"changeBPM":false,"mustHitSection":true},{"lengthInSteps":16,"altAnim":false,"typeOfSection":0,"sectionNotes":[],"bpm":125,"changeBPM":false,"mustHitSection":true}],"player2":"dad","song":"Light-it-Up","validScore":true,"sections":0,"needsVoices":true,"speed":1.4,"bpm":125}}