{"song":{"player1":"bf","sectionLengths":[],"player2":"dad","notes":[{"typeOfSection":0,"lengthInSteps":16,"sectionNotes":[[0,0,75],[150,2,150],[300,1,75],[375,3,150],[975,2,0]],"mustHitSection":false},{"typeOfSection":0,"lengthInSteps":16,"sectionNotes":[[1200,0,75],[1350,2,150],[1500,3,150],[1575,1,150],[1800,2,150],[2100,3,0],[2175,1,75]],"mustHitSection":false},{"typeOfSection":0,"lengthInSteps":16,"sectionNotes":[[2400,3,150],[2625,2,150],[2850,1,0],[2925,3,75],[3075,2,150],[3225,1,225],[3525,2,75]],"mustHitSection":false},{"typeOfSection":0,"lengthInSteps":16,"sectionNotes":[[3600,2,0],[3825,2,150],[4050,1,0],[4200,3,150],[4500,2,0],[4575,1,150]],"mustHitSection":false},{"typeOfSection":0,"lengthInSteps":16,"sectionNotes":[[4800,0,75],[4950,2,150],[5100,1,75],[5175,3,150],[5775,2,0],[5675.625,2,0],[5711.25,1,0],[5763.75,2,0]],"mustHitSection":true},{"typeOfSection":0,"lengthInSteps":16,"sectionNotes":[[6000,0,75],[6150,2,150],[6300,3,150],[6375,1,150],[6600,2,150],[6900,3,0],[6975,1,75]],"mustHitSection":true},{"typeOfSection":0,"lengthInSteps":16,"sectionNotes":[[7200,3,150],[7425,2,150],[7650,1,0],[7725,3,75],[7875,2,150],[8025,1,225],[8325,2,75]],"mustHitSection":true},{"typeOfSection":0,"lengthInSteps":16,"sectionNotes":[[8400,2,0],[8625,2,150],[8850,1,0],[9000,3,150],[9375,1,150]],"mustHitSection":true},{"typeOfSection":0,"lengthInSteps":16,"sectionNotes":[[9825,3,225],[10125,2,150],[10350,1,150],[10500,3,150],[10650,1,0]],"mustHitSection":false},{"typeOfSection":0,"lengthInSteps":16,"sectionNotes":[[10800,0,225],[11025,1,225],[11250,2,225],[11400,3,150],[11850,1,0],[11100,0,0],[11325,1,0],[11550,2,0],[11625,3,0],[11700,2,0]],"mustHitSection":false},{"typeOfSection":0,"lengthInSteps":16,"sectionNotes":[[12000,0,225],[12225,1,225],[12450,2,225],[12600,3,150],[13050,1,0],[12300,0,0],[12525,1,0],[12750,2,0],[12825,3,0],[12900,2,0],[12600,0,0],[12825,1,0]],"mustHitSection":false},{"typeOfSection":0,"lengthInSteps":16,"sectionNotes":[[13200,0,225],[13425,1,225],[13650,2,225],[13800,3,150],[14250,1,0],[13500,0,0],[13725,1,0],[13950,2,0],[14025,3,0],[14100,2,75],[13875,0,0]],"mustHitSection":false},{"typeOfSection":0,"lengthInSteps":16,"sectionNotes":[[14400,0,225],[14625,1,225],[14850,2,225],[15000,3,150],[15450,1,0],[14700,0,0],[14925,1,0],[15150,2,0],[15225,3,0],[15300,2,0]],"mustHitSection":true},{"typeOfSection":0,"lengthInSteps":16,"sectionNotes":[[15600,0,225],[15825,1,225],[16050,2,225],[16200,3,150],[16650,1,0],[15900,0,0],[16125,1,0],[16350,2,0],[16425,3,0],[16500,2,0],[16425,1,0],[16200,0,0]],"mustHitSection":true},{"typeOfSection":0,"lengthInSteps":16,"sectionNotes":[[16800,0,225],[17025,1,225],[17250,2,225],[17400,3,150],[17850,1,0],[17100,0,0],[17325,1,0],[17625,3,0],[17550,2,0],[17700,2,0],[17475,0,0]],"mustHitSection":true},{"typeOfSection":0,"lengthInSteps":16,"sectionNotes":[[18000,0,225],[18225,1,225],[18450,2,225],[18600,3,150],[19050,1,0],[18300,0,0],[18525,1,0],[18750,2,0],[18825,3,0],[18900,2,0]],"mustHitSection":true},{"typeOfSection":0,"lengthInSteps":16,"sectionNotes":[[19425,0,225],[19650,2,150],[19800,3,150],[19875,1,150],[20025,2,150],[20250,3,150],[19725,0,0]],"mustHitSection":false},{"typeOfSection":0,"lengthInSteps":16,"sectionNotes":[[20400,1,0],[20550,1,75],[20775,2,0],[20850,3,150],[21075,2,150],[21150,1,150],[21375,2,150],[20475,1,0]],"mustHitSection":false},{"typeOfSection":0,"lengthInSteps":16,"sectionNotes":[[21900,3,150],[22050,2,150],[22275,1,0],[22350,3,75],[22500,2,150],[22650,2,75]],"mustHitSection":false},{"typeOfSection":0,"lengthInSteps":16,"sectionNotes":[[22875,0,225],[23175,1,0],[23250,3,0],[23400,2,0],[23550,2,0],[23700,1,0],[23850,2,150],[23475,2,0]],"mustHitSection":false},{"typeOfSection":0,"lengthInSteps":16,"sectionNotes":[[24300,3,150],[24450,2,150],[24675,1,0],[24750,3,75],[24900,2,150],[25050,2,75]],"mustHitSection":true},{"typeOfSection":0,"lengthInSteps":16,"sectionNotes":[[25275,0,225],[25575,1,0],[25650,3,0],[25800,2,0],[25950,2,0],[26100,1,0],[26250,2,150],[25875,2,0]],"mustHitSection":true},{"typeOfSection":0,"lengthInSteps":16,"sectionNotes":[[26700,3,150],[26850,2,150],[27075,1,0],[27150,3,75],[27300,2,150],[27450,2,75]],"mustHitSection":true},{"typeOfSection":0,"lengthInSteps":16,"sectionNotes":[[27675,0,225],[27975,1,0],[28050,3,0],[28200,2,0],[28350,2,0],[28500,1,0],[28650,2,150],[28275,2,0]],"mustHitSection":true},{"typeOfSection":0,"lengthInSteps":16,"sectionNotes":[[28800,3,150],[29175,1,0],[28950,2,150],[29250,2,150],[29700,3,225]],"mustHitSection":false},{"typeOfSection":0,"lengthInSteps":16,"sectionNotes":[[30075,0,150],[30375,1,0],[30525,2,225],[30900,1,0],[31050,2,225],[30450,2,0]],"mustHitSection":false},{"typeOfSection":0,"lengthInSteps":16,"sectionNotes":[[31200,3,0],[31500,2,225],[31800,1,150],[32025,2,150],[32175,3,0],[32325,1,0]],"mustHitSection":false},{"typeOfSection":0,"lengthInSteps":16,"sectionNotes":[[32400,3,0],[32475,3,0],[32700,3,0],[32925,2,0],[33075,1,150],[33225,2,300]],"mustHitSection":false},{"typeOfSection":0,"lengthInSteps":16,"sectionNotes":[[33600,3,150],[33975,1,0],[33750,2,150],[34050,2,150],[34500,3,225]],"mustHitSection":true},{"typeOfSection":0,"lengthInSteps":16,"sectionNotes":[[34875,0,150],[35175,1,0],[35325,2,225],[35700,1,0],[35850,2,225],[35250,1,0],[35775,1,0]],"mustHitSection":true},{"typeOfSection":0,"lengthInSteps":16,"sectionNotes":[[36000,3,0],[36300,2,225],[36600,1,150],[36825,2,150],[36975,3,0],[37125,1,0]],"mustHitSection":true},{"typeOfSection":0,"lengthInSteps":16,"sectionNotes":[[37200,3,0],[37275,3,0],[37500,3,0],[37725,2,0],[37875,1,150],[38025,2,300],[37350,3,0],[37425,3,0]],"mustHitSection":true},{"lengthInSteps":16,"sectionNotes":[[38625,3,225],[38850,2,0],[39000,1,150],[39225,2,0],[39300,2,0],[39450,3,75],[39525,2,75]],"typeOfSection":0,"mustHitSection":false,"changeBPM":false,"bpm":100},{"lengthInSteps":16,"sectionNotes":[[39675,1,150],[39675,2,150],[39900,1,150],[39900,2,150],[40125,3,0],[40350,2,0],[40650,1,0],[40650,2,0]],"typeOfSection":0,"altAnim":false,"mustHitSection":false,"changeBPM":false,"bpm":100},{"sectionNotes":[[40875,1,150],[40875,2,150],[41100,1,150],[41100,2,150],[41325,3,0],[41550,2,0],[41850,1,0],[41850,2,0]],"typeOfSection":0,"lengthInSteps":16,"altAnim":false,"mustHitSection":false,"changeBPM":false,"bpm":100},{"sectionNotes":[[42075,1,0],[42150,2,0],[42300,1,0],[42450,2,0],[42600,3,150],[42825,2,150],[42975,1,150]],"typeOfSection":0,"lengthInSteps":16,"altAnim":false,"mustHitSection":false,"changeBPM":false,"bpm":125},{"sectionNotes":[[43425,3,225],[43650,2,0],[43800,1,150],[44025,2,0],[44100,2,0],[44250,3,75],[44325,2,75]],"typeOfSection":0,"lengthInSteps":16,"altAnim":false,"mustHitSection":true,"changeBPM":false,"bpm":125},{"sectionNotes":[[44475,1,150],[44475,2,150],[44700,1,150],[44700,2,150],[44925,3,0],[45150,2,0],[45450,1,0],[45450,2,0]],"typeOfSection":0,"lengthInSteps":16,"altAnim":false,"mustHitSection":true,"changeBPM":false,"bpm":125},{"sectionNotes":[[45675,1,150],[45675,2,150],[45900,1,150],[45900,2,150],[46125,3,0],[46350,2,0],[46650,1,0],[46650,2,0]],"typeOfSection":0,"lengthInSteps":16,"altAnim":false,"mustHitSection":true,"changeBPM":false,"bpm":125},{"sectionNotes":[[46875,1,0],[46950,2,0],[47100,1,0],[47250,2,0],[47400,3,150],[47625,2,150],[47775,1,150]],"typeOfSection":0,"lengthInSteps":16,"altAnim":false,"mustHitSection":true,"changeBPM":false,"bpm":125},{"sectionNotes":[[48075,0,150],[48225,1,150],[48375,3,0],[48450,1,0],[48600,2,0],[48750,3,0],[48825,1,0]],"typeOfSection":0,"lengthInSteps":16,"altAnim":false,"mustHitSection":false,"changeBPM":false,"bpm":125},{"sectionNotes":[[49350,3,150],[49575,2,0],[49725,1,225],[50025,2,0],[50100,3,150]],"typeOfSection":0,"lengthInSteps":16,"altAnim":false,"mustHitSection":false,"changeBPM":false,"bpm":125},{"lengthInSteps":16,"typeOfSection":0,"sectionNotes":[[50550,3,150],[50775,2,0],[50925,1,225],[51225,2,0],[51300,3,150],[51000,3,0],[51075,2,0]],"altAnim":false,"bpm":125,"changeBPM":false,"mustHitSection":false},{"lengthInSteps":16,"typeOfSection":0,"sectionNotes":[[51750,3,150],[51975,2,0],[52125,1,225],[52425,2,0],[52500,3,150],[52200,3,0],[52275,2,0]],"altAnim":false,"bpm":200,"changeBPM":false,"mustHitSection":false},{"lengthInSteps":16,"typeOfSection":0,"sectionNotes":[[52950,3,150],[53175,2,0],[53325,1,225],[53625,2,0],[53700,3,150]],"altAnim":false,"bpm":200,"changeBPM":false,"mustHitSection":true},{"lengthInSteps":16,"typeOfSection":0,"sectionNotes":[[54150,3,150],[54375,2,0],[54525,1,225],[54825,2,0],[54900,3,150],[54600,3,0],[54675,2,0]],"altAnim":false,"bpm":200,"changeBPM":false,"mustHitSection":true},{"lengthInSteps":16,"typeOfSection":0,"sectionNotes":[[55350,3,150],[55575,2,0],[55725,1,225],[56025,2,0],[56100,3,150],[55800,3,0],[55875,2,0],[55950,2,0]],"altAnim":false,"bpm":200,"changeBPM":false,"mustHitSection":true},{"lengthInSteps":16,"typeOfSection":0,"sectionNotes":[[56550,3,150],[56775,2,0],[56925,1,225],[57225,2,0],[57300,3,150]],"altAnim":false,"bpm":200,"changeBPM":false,"mustHitSection":true},{"lengthInSteps":16,"typeOfSection":0,"sectionNotes":[[57825,3,150],[58050,2,0],[58125,1,150],[58350,2,75],[58425,3,150],[58575,2,150]],"altAnim":false,"bpm":200,"changeBPM":false,"mustHitSection":false},{"lengthInSteps":16,"typeOfSection":0,"sectionNotes":[[58950,1,0],[59100,1,0],[59250,2,150],[59475,3,150],[59700,2,0],[59775,1,0],[59025,1,0],[59850,0,0]],"altAnim":false,"bpm":200,"changeBPM":false,"mustHitSection":false},{"lengthInSteps":16,"typeOfSection":0,"sectionNotes":[[60225,0,150],[60450,1,0],[60525,3,0],[60675,1,0],[60825,2,150],[60975,1,75],[60600,1,0]],"altAnim":false,"bpm":200,"changeBPM":false,"mustHitSection":false},{"lengthInSteps":16,"typeOfSection":0,"sectionNotes":[[61275,2,150],[61500,1,75],[61650,3,150],[61875,2,0],[61950,1,0],[62025,2,0],[62175,3,0],[62250,3,0],[62100,3,0]],"altAnim":false,"bpm":200,"changeBPM":false,"mustHitSection":false},{"lengthInSteps":16,"typeOfSection":0,"sectionNotes":[[62475,2,150],[62700,1,75],[62850,3,150],[63075,2,0],[63150,1,0],[63225,2,0],[63450,3,0],[63300,3,0],[63375,3,0]],"altAnim":false,"bpm":200,"changeBPM":false,"mustHitSection":true},{"lengthInSteps":16,"typeOfSection":0,"sectionNotes":[[63675,2,150],[63900,1,75],[64050,3,150],[64275,2,0],[64350,1,0],[64425,2,0],[64575,3,0],[64650,3,0]],"altAnim":false,"bpm":200,"changeBPM":false,"mustHitSection":true},{"lengthInSteps":16,"typeOfSection":0,"sectionNotes":[[64875,2,150],[65100,1,75],[65250,3,150],[65475,2,0],[65550,1,0],[65625,2,0],[65775,3,0],[65850,3,0]],"altAnim":false,"bpm":200,"changeBPM":false,"mustHitSection":true},{"lengthInSteps":16,"typeOfSection":0,"sectionNotes":[[66075,2,150],[66300,1,75],[66450,3,150],[66675,2,0],[66750,1,0],[66825,2,0],[66975,3,0],[67050,3,0]],"altAnim":false,"bpm":200,"changeBPM":false,"mustHitSection":true},{"lengthInSteps":16,"typeOfSection":0,"sectionNotes":[[67275,1,0],[67425,3,0],[67575,2,0],[67725,2,0],[67800,1,0],[68025,2,75],[68175,3,75],[68250,2,75]],"altAnim":false,"bpm":200,"changeBPM":false,"mustHitSection":false},{"lengthInSteps":16,"typeOfSection":0,"sectionNotes":[[68400,3,0],[68625,2,150],[68925,1,150],[69075,2,150],[69225,3,150],[69375,2,150]],"altAnim":false,"bpm":200,"changeBPM":false,"mustHitSection":false},{"lengthInSteps":16,"typeOfSection":0,"sectionNotes":[[69675,1,0],[69825,1,0],[70125,3,0],[70275,3,0],[69900,2,0],[70050,2,0],[70350,1,0],[70500,1,150]],"altAnim":false,"bpm":200,"changeBPM":false,"mustHitSection":false},{"lengthInSteps":16,"typeOfSection":0,"sectionNotes":[[70875,2,0],[71025,2,0],[71175,1,0],[71325,1,0],[71475,3,0],[71625,3,0],[71775,2,75]],"altAnim":false,"bpm":200,"changeBPM":false,"mustHitSection":false},{"lengthInSteps":16,"typeOfSection":0,"sectionNotes":[[72075,1,0],[72225,3,0],[72375,2,0],[72525,2,0],[72600,1,0],[72825,2,75],[72975,3,75],[73050,2,75]],"altAnim":false,"bpm":200,"changeBPM":false,"mustHitSection":true},{"lengthInSteps":16,"typeOfSection":0,"sectionNotes":[[73200,3,0],[73425,2,150],[73725,1,150],[73875,2,150],[74025,3,150],[74175,2,150],[73200,3,0],[73425,2,150],[73725,1,150],[73875,2,150],[74025,3,150],[74175,2,150]],"altAnim":false,"bpm":200,"changeBPM":false,"mustHitSection":true},{"lengthInSteps":16,"typeOfSection":0,"sectionNotes":[[74475,1,0],[74625,1,0],[74925,3,0],[75075,3,0],[74700,2,0],[74850,2,0],[75150,1,0],[75300,1,150],[74475,1,0],[74625,1,0],[74925,3,0],[75075,3,0],[74700,2,0],[74850,2,0],[75150,1,0],[75300,1,150]],"altAnim":false,"bpm":200,"changeBPM":false,"mustHitSection":true},{"lengthInSteps":16,"typeOfSection":0,"sectionNotes":[[75675,2,0],[75825,2,0],[75975,1,0],[76125,1,0],[76275,3,0],[76425,3,0],[76575,2,75]],"altAnim":false,"bpm":200,"changeBPM":false,"mustHitSection":true},{"lengthInSteps":16,"typeOfSection":0,"sectionNotes":[[76875,1,0],[77025,3,0],[77175,2,0],[77325,2,0],[77400,1,0],[77850,2,75]],"altAnim":false,"bpm":200,"changeBPM":false,"mustHitSection":false},{"lengthInSteps":16,"typeOfSection":0,"sectionNotes":[[78000,2,150],[78225,1,0],[78375,0,150],[78525,1,75],[78825,2,150],[78825,3,150],[79050,1,0]],"altAnim":false,"bpm":200,"changeBPM":false,"mustHitSection":false},{"lengthInSteps":16,"typeOfSection":0,"sectionNotes":[[79200,2,150],[79575,1,0],[79725,2,0],[79875,1,75],[80100,2,0],[80250,1,0]],"altAnim":false,"bpm":200,"changeBPM":false,"mustHitSection":false},{"lengthInSteps":16,"typeOfSection":0,"sectionNotes":[[80475,1,0],[80550,1,0],[80700,3,75],[80850,2,150],[81075,1,75],[81150,2,75],[81375,2,0],[81450,2,75]],"altAnim":false,"bpm":200,"changeBPM":false,"mustHitSection":false},{"sectionNotes":[[81675,1,0],[81825,3,0],[81975,2,0],[82125,2,0],[82200,1,0],[82650,2,75]],"typeOfSection":0,"lengthInSteps":16,"altAnim":false,"mustHitSection":true,"changeBPM":false,"bpm":200},{"sectionNotes":[[82800,2,150],[83025,1,0],[83175,0,150],[83325,1,75],[83625,2,150],[83625,3,150],[83850,1,0]],"typeOfSection":0,"lengthInSteps":16,"altAnim":false,"mustHitSection":true,"changeBPM":false,"bpm":200},{"sectionNotes":[[84000,2,150],[84375,1,0],[84525,2,0],[84675,1,75],[84900,2,0],[85050,1,0]],"typeOfSection":0,"lengthInSteps":16,"altAnim":false,"mustHitSection":true,"changeBPM":false,"bpm":200},{"sectionNotes":[[85275,1,0],[85350,1,0],[85500,3,75],[85650,2,150],[85875,1,75],[85950,2,75],[86175,2,0],[86250,2,75]],"typeOfSection":0,"lengthInSteps":16,"altAnim":false,"mustHitSection":true,"changeBPM":false,"bpm":200},{"sectionNotes":[[86625,2,0],[86775,1,0],[87000,2,75],[87150,3,150],[87300,2,0],[87375,1,75]],"typeOfSection":0,"lengthInSteps":16,"altAnim":false,"mustHitSection":false,"changeBPM":false,"bpm":200},{"sectionNotes":[[87600,1,0],[87675,2,0],[87750,1,0],[87825,1,75],[87975,2,150],[88275,1,0],[88500,3,0],[88650,3,0],[88575,3,0]],"typeOfSection":0,"lengthInSteps":16,"altAnim":false,"mustHitSection":false,"changeBPM":false,"bpm":200},{"sectionNotes":[[88950,1,150],[89175,2,150],[89400,3,0],[89475,2,0],[89625,1,150],[89775,2,75]],"typeOfSection":0,"lengthInSteps":16,"altAnim":false,"mustHitSection":false,"changeBPM":false,"bpm":200},{"sectionNotes":[[90075,1,0],[90075,2,0],[90225,3,0],[90225,2,0],[90450,2,0],[90675,1,0],[90825,2,0],[91050,2,0],[91050,3,0],[91125,2,0]],"typeOfSection":0,"lengthInSteps":16,"altAnim":false,"mustHitSection":false,"changeBPM":false,"bpm":200},{"sectionNotes":[[91425,2,0],[91575,1,0],[91800,2,75],[91950,3,150],[92100,2,0],[92175,1,75]],"typeOfSection":0,"lengthInSteps":16,"altAnim":false,"mustHitSection":true,"changeBPM":false,"bpm":200},{"sectionNotes":[[92400,1,0],[92475,2,0],[92550,1,0],[92625,1,75],[92775,2,150],[93075,1,0],[93300,3,0],[93450,3,0],[93375,3,0]],"typeOfSection":0,"lengthInSteps":16,"altAnim":false,"mustHitSection":true,"changeBPM":false,"bpm":200},{"sectionNotes":[[93750,1,150],[93975,2,150],[94200,3,0],[94275,2,0],[94425,1,150],[94575,2,75]],"typeOfSection":0,"lengthInSteps":16,"altAnim":false,"mustHitSection":true,"changeBPM":false,"bpm":200},{"sectionNotes":[[94875,1,0],[94875,2,0],[95025,3,0],[95025,2,0],[95250,2,0],[95475,1,0],[95625,2,0],[95850,2,0],[95850,3,0],[95925,2,0]],"typeOfSection":0,"lengthInSteps":16,"altAnim":false,"mustHitSection":true,"changeBPM":false,"bpm":200},{"sectionNotes":[[96000,1,75],[96225,2,75],[96450,3,75],[96600,2,75],[96750,1,150],[96975,2,0],[97050,2,0]],"typeOfSection":0,"lengthInSteps":16,"altAnim":false,"mustHitSection":false,"changeBPM":false,"bpm":200},{"sectionNotes":[[97200,2,0],[97350,2,0],[97275,2,0],[97500,1,150],[97650,2,75],[97725,3,75],[97800,2,75],[97875,1,75],[97950,0,75],[98025,1,75],[98100,2,75],[98175,3,75]],"typeOfSection":0,"lengthInSteps":16,"altAnim":false,"mustHitSection":false,"changeBPM":false,"bpm":200},{"sectionNotes":[[98400,3,0],[98475,1,0],[98550,3,0],[98625,1,0],[98700,3,0],[98850,2,0],[99000,1,0],[99150,2,0],[99075,2,0],[98925,2,0],[99375,2,0],[99375,1,0]],"typeOfSection":0,"lengthInSteps":16,"altAnim":false,"mustHitSection":false,"changeBPM":false,"bpm":200},{"sectionNotes":[[99600,3,0],[99750,3,0],[99900,3,0],[100050,3,0],[100200,3,0],[100350,3,0],[100500,3,0],[100575,2,150]],"typeOfSection":0,"lengthInSteps":16,"altAnim":false,"mustHitSection":false,"changeBPM":false,"bpm":200},{"sectionNotes":[[100800,1,75],[101025,2,75],[101250,3,75],[101400,2,75],[101550,1,150],[101775,2,0],[101850,2,0]],"typeOfSection":0,"lengthInSteps":16,"altAnim":false,"mustHitSection":true,"changeBPM":false,"bpm":200},{"sectionNotes":[[102000,2,0],[102150,2,0],[102075,2,0],[102300,1,150],[102450,2,75],[102525,3,75],[102600,2,75],[102675,1,75],[102750,0,75],[102825,1,75],[102900,2,75],[102975,3,75]],"typeOfSection":0,"lengthInSteps":16,"altAnim":false,"mustHitSection":true,"changeBPM":false,"bpm":200},{"sectionNotes":[[103200,3,0],[103275,1,0],[103350,3,0],[103425,1,0],[103500,3,0],[103650,2,0],[103800,1,0],[103950,2,0],[103875,2,0],[103725,2,0],[104175,2,0],[104175,1,0]],"typeOfSection":0,"lengthInSteps":16,"altAnim":false,"mustHitSection":true,"changeBPM":false,"bpm":200},{"sectionNotes":[[104400,3,0],[104550,3,0],[104700,3,0],[104850,3,0],[105000,3,0],[105150,3,0],[105300,3,0],[105375,2,150]],"typeOfSection":0,"lengthInSteps":16,"altAnim":false,"mustHitSection":true,"changeBPM":false,"bpm":200},{"sectionNotes":[[105750,3,225],[105975,2,150],[106125,1,75],[106275,0,150],[106350,1,150],[106500,2,225]],"typeOfSection":0,"lengthInSteps":16,"altAnim":false,"mustHitSection":false,"changeBPM":false,"bpm":200},{"sectionNotes":[[106800,2,0],[106875,2,0],[107025,2,0],[106950,2,0],[107250,1,150],[107400,2,150],[107550,3,150],[107775,2,150]],"typeOfSection":0,"lengthInSteps":16,"altAnim":false,"mustHitSection":false,"changeBPM":false,"bpm":200},{"sectionNotes":[[108300,2,75],[108375,1,150],[108675,2,150],[108900,3,75],[109050,2,0],[109125,1,0]],"typeOfSection":0,"lengthInSteps":16,"altAnim":false,"mustHitSection":false,"changeBPM":false,"bpm":200},{"sectionNotes":[[109500,3,0],[109650,2,0],[109800,1,0],[109950,2,0],[110100,2,0],[110175,1,0]],"typeOfSection":0,"lengthInSteps":16,"altAnim":false,"mustHitSection":false,"changeBPM":false,"bpm":200},{"sectionNotes":[[110550,3,225],[110775,2,150],[110925,1,75],[111075,0,150],[111150,1,150],[111300,2,225]],"typeOfSection":0,"lengthInSteps":16,"altAnim":false,"mustHitSection":true,"changeBPM":false,"bpm":200},{"sectionNotes":[[111600,2,0],[111675,2,0],[111825,2,0],[111750,2,0],[112050,1,150],[112200,2,150],[112350,3,150],[112575,2,150]],"typeOfSection":0,"lengthInSteps":16,"altAnim":false,"mustHitSection":true,"changeBPM":false,"bpm":200},{"sectionNotes":[[113100,2,75],[113175,1,150],[113475,2,150],[113700,3,75],[113850,2,0],[113925,1,0]],"typeOfSection":0,"lengthInSteps":16,"altAnim":false,"mustHitSection":true,"changeBPM":false,"bpm":200},{"sectionNotes":[[114300,3,0],[114450,2,0],[114600,1,0],[114750,2,0],[114900,2,0],[114975,1,0]],"typeOfSection":0,"lengthInSteps":16,"altAnim":false,"mustHitSection":true,"changeBPM":false,"bpm":200},{"sectionNotes":[[115275,2,75],[115500,1,0],[115650,2,150],[115875,3,0],[116100,2,0],[116175,2,0],[116250,2,0]],"typeOfSection":0,"lengthInSteps":16,"altAnim":false,"mustHitSection":false,"changeBPM":false,"bpm":200},{"sectionNotes":[[116550,2,0],[116775,1,75],[117075,1,0],[117075,2,0],[117225,3,0],[117300,3,0],[117375,2,75]],"typeOfSection":0,"lengthInSteps":16,"altAnim":false,"mustHitSection":false,"changeBPM":false,"bpm":200},{"sectionNotes":[[117825,2,75],[118050,1,150],[118275,1,75],[118500,2,0],[118575,2,0]],"typeOfSection":0,"lengthInSteps":16,"altAnim":false,"mustHitSection":false,"changeBPM":false,"bpm":200},{"sectionNotes":[[118950,2,0],[119025,1,0],[119100,2,0],[119250,1,150],[119475,3,150],[119700,2,150],[119925,1,75]],"typeOfSection":0,"lengthInSteps":16,"altAnim":false,"mustHitSection":false,"changeBPM":false,"bpm":200},{"sectionNotes":[[120075,2,75],[120300,1,0],[120450,2,150],[120675,3,0],[120900,2,0],[120975,2,0],[121050,2,0]],"typeOfSection":0,"lengthInSteps":16,"altAnim":false,"mustHitSection":true,"changeBPM":false,"bpm":200},{"sectionNotes":[[121350,2,0],[121575,1,75],[121875,1,0],[121875,2,0],[122025,3,0],[122100,3,0],[122175,2,75]],"typeOfSection":0,"lengthInSteps":16,"altAnim":false,"mustHitSection":true,"changeBPM":false,"bpm":200},{"sectionNotes":[[122625,2,75],[122850,1,150],[123075,1,75],[123300,2,0],[123375,2,0]],"typeOfSection":0,"lengthInSteps":16,"altAnim":false,"mustHitSection":true,"changeBPM":false,"bpm":200},{"sectionNotes":[[123750,2,0],[123825,1,0],[123900,2,0],[124050,1,150],[124275,3,150],[124500,2,150],[124725,1,75]],"typeOfSection":0,"lengthInSteps":16,"altAnim":false,"mustHitSection":true,"changeBPM":false,"bpm":200},{"sectionNotes":[[124875,2,150],[125100,1,75],[125250,2,150],[125400,3,375],[125625,2,0],[125700,0,0],[125775,2,0]],"typeOfSection":0,"lengthInSteps":16,"altAnim":false,"mustHitSection":false,"changeBPM":false,"bpm":200},{"sectionNotes":[[126225,2,75],[126450,1,150],[126675,1,75],[126900,2,0],[126975,2,0],[126525,3,0],[126525,2,0],[126600,2,0]],"typeOfSection":0,"lengthInSteps":16,"altAnim":false,"mustHitSection":false,"changeBPM":false,"bpm":200},{"sectionNotes":[[127350,2,0],[127425,1,0],[127500,2,0],[127650,1,150],[127875,3,150],[128100,2,150],[128325,1,75],[127275,3,0],[127350,3,0],[127425,3,0],[127725,2,0],[127875,2,0]],"typeOfSection":0,"lengthInSteps":16,"altAnim":false,"mustHitSection":false,"changeBPM":false,"bpm":200},{"sectionNotes":[[128475,2,75],[128700,1,0],[128850,2,150],[129075,3,0],[129300,2,0],[129375,2,0],[129450,2,0],[128625,2,0],[128550,1,0],[128925,1,0],[129000,1,0]],"typeOfSection":0,"lengthInSteps":16,"altAnim":false,"mustHitSection":false,"changeBPM":false,"bpm":200},{"sectionNotes":[[129675,2,150],[129900,1,75],[130050,2,150],[130200,3,375],[130425,2,0],[130500,0,0],[130575,2,0]],"typeOfSection":0,"lengthInSteps":16,"altAnim":false,"mustHitSection":true,"changeBPM":false,"bpm":200},{"sectionNotes":[[131025,2,75],[131250,1,150],[131475,1,75],[131700,2,0],[131775,2,0],[131325,3,0],[131325,2,0],[131400,2,0]],"typeOfSection":0,"lengthInSteps":16,"altAnim":false,"mustHitSection":true,"changeBPM":false,"bpm":200},{"sectionNotes":[[132150,2,0],[132225,1,0],[132300,2,0],[132450,1,150],[132675,3,150],[132900,2,150],[133125,1,75],[132075,3,0],[132150,3,0],[132225,3,0],[132525,2,0],[132675,2,0]],"typeOfSection":0,"lengthInSteps":16,"altAnim":false,"mustHitSection":true,"changeBPM":false,"bpm":200},{"sectionNotes":[[133275,2,75],[133500,1,0],[133650,2,150],[133875,3,0],[134100,2,0],[134175,2,0],[134250,2,0],[133425,2,0],[133350,1,0],[133725,1,0],[133800,1,0]],"typeOfSection":0,"lengthInSteps":16,"altAnim":false,"mustHitSection":true,"changeBPM":false,"bpm":200},{"sectionNotes":[[134475,3,0],[134550,1,0],[134625,3,0],[134700,2,0],[134775,3,0],[134850,0,0],[134925,3,0],[135000,1,0],[135075,3,0],[135150,2,0],[135225,3,0],[135300,0,0],[135375,3,0],[135375,1,0]],"typeOfSection":0,"lengthInSteps":16,"altAnim":false,"mustHitSection":false,"changeBPM":false,"bpm":200},{"sectionNotes":[[135600,3,0],[135675,2,0],[135750,3,0],[135825,1,0],[135900,3,0],[135975,2,150],[136200,1,150],[136425,2,150],[136650,3,150]],"typeOfSection":0,"lengthInSteps":16,"altAnim":false,"mustHitSection":false,"changeBPM":false,"bpm":200},{"sectionNotes":[[136800,7,0],[136875,6,0],[136950,7,0],[137025,5,0],[137100,7,0],[137175,6,150],[137400,5,150],[137625,6,150],[137850,7,150],[136950,2,0],[137100,1,0],[137250,2,0],[137400,3,0],[137625,2,0],[137775,1,0],[137925,1,0]],"typeOfSection":0,"lengthInSteps":16,"altAnim":false,"mustHitSection":true,"changeBPM":false,"bpm":200},{"sectionNotes":[[138000,7,0],[138075,6,0],[138150,7,0],[138225,5,0],[138300,7,0],[138375,6,150],[138600,5,150],[138825,6,150],[139050,7,150],[138150,2,0],[138300,1,0],[138450,2,0],[138600,3,0],[138825,2,0],[138975,1,0],[139125,1,0]],"typeOfSection":0,"lengthInSteps":16,"altAnim":false,"mustHitSection":true,"changeBPM":false,"bpm":200},{"sectionNotes":[[139200,7,0],[139275,6,0],[139350,7,0],[139425,5,0],[139500,7,0],[139575,6,150],[139800,5,150],[140250,7,150],[140025,6,150]],"typeOfSection":0,"lengthInSteps":16,"altAnim":false,"mustHitSection":true,"changeBPM":false,"bpm":200},{"sectionNotes":[[140400,7,0],[140475,6,0],[140550,7,0],[140625,5,0],[140700,7,0],[140775,6,150],[141000,5,150],[141450,7,150],[141225,6,150]],"typeOfSection":0,"lengthInSteps":16,"altAnim":false,"mustHitSection":true,"changeBPM":false,"bpm":200},{"sectionNotes":[[141600,7,0],[141675,6,0],[141750,7,0],[141825,5,0],[141900,7,0],[141975,6,150],[142200,5,150],[142425,6,150],[142650,7,150],[141750,2,0],[141900,1,0],[142050,2,0],[142200,3,0],[142425,2,0],[142575,1,0],[142725,1,0]],"typeOfSection":0,"lengthInSteps":16,"altAnim":false,"mustHitSection":true,"changeBPM":false,"bpm":200},{"sectionNotes":[[142800,7,0],[142875,6,0],[142950,7,0],[143025,5,0],[143100,7,0],[143175,6,150],[143400,5,150],[143625,6,150],[143850,7,150],[142950,2,0],[143100,1,0],[143250,2,0],[143400,3,0],[143625,2,0],[143775,1,0],[143925,1,0]],"typeOfSection":0,"lengthInSteps":16,"altAnim":false,"mustHitSection":true,"changeBPM":false,"bpm":200},{"sectionNotes":[[144000,3,0],[144075,2,0],[144150,3,0],[144225,1,0],[144300,3,0],[144375,2,150],[144600,1,150],[145050,3,150],[144825,2,150]],"typeOfSection":0,"lengthInSteps":16,"altAnim":false,"mustHitSection":true,"changeBPM":false,"bpm":200},{"sectionNotes":[[145200,3,0],[145275,2,0],[145350,3,0],[145425,1,0],[145500,3,0],[145575,2,150],[145800,1,150],[146250,3,150],[146025,2,150]],"typeOfSection":0,"lengthInSteps":16,"altAnim":false,"mustHitSection":true,"changeBPM":false,"bpm":200},{"sectionNotes":[[146400,3,0],[146475,2,0],[146550,3,0],[146625,1,0],[146700,3,0],[146775,2,150],[147000,1,150],[147225,2,150],[147450,3,150],[146550,6,0],[146700,5,0],[146850,6,0],[147000,7,0],[147225,6,0],[147375,5,0],[147525,5,0]],"typeOfSection":0,"lengthInSteps":16,"altAnim":false,"mustHitSection":true,"changeBPM":false,"bpm":200},{"sectionNotes":[[147600,3,0],[147675,2,0],[147750,3,0],[147825,1,0],[147900,3,0],[147975,2,150],[148200,1,150],[148425,2,150],[148650,3,150],[147750,6,0],[147900,5,0],[148050,6,0],[148200,7,0],[148425,6,0],[148575,5,0],[148725,5,0]],"typeOfSection":0,"lengthInSteps":16,"altAnim":false,"mustHitSection":true,"changeBPM":false,"bpm":200},{"sectionNotes":[[148800,3,0],[148875,2,0],[148950,3,0],[149025,1,0],[149100,3,0],[149175,2,150],[149400,1,150],[149850,3,150],[149625,2,150]],"typeOfSection":0,"lengthInSteps":16,"altAnim":false,"mustHitSection":true,"changeBPM":false,"bpm":200},{"sectionNotes":[[150000,3,0],[150075,2,0],[150150,3,0],[150225,1,0],[150300,3,0],[150375,2,150],[150600,1,150],[151050,3,150],[150825,2,150]],"typeOfSection":0,"lengthInSteps":16,"altAnim":false,"mustHitSection":true,"changeBPM":false,"bpm":200},{"sectionNotes":[[151200,3,0],[151275,2,0],[151350,3,0],[151425,1,0],[151500,3,0],[151575,2,150],[151800,1,150],[152025,2,150],[152250,3,150],[151350,6,0],[151500,5,0],[151650,6,0],[151800,7,0],[152025,6,0],[152175,5,0],[152325,5,0]],"typeOfSection":0,"lengthInSteps":16,"altAnim":false,"mustHitSection":true,"changeBPM":false,"bpm":200},{"sectionNotes":[[152400,3,0],[152475,2,0],[152550,3,0],[152625,1,0],[152700,3,0],[152775,2,150],[153000,1,150],[153450,3,150],[153225,2,150],[152400,3,0],[152475,2,0],[152550,3,0],[152625,1,0],[152700,3,0],[152775,2,150],[153000,1,150],[153225,2,150],[153450,3,150],[152550,6,0],[152700,5,0],[152850,6,0],[153000,7,0],[153225,6,0],[153375,5,0],[153525,5,0]],"typeOfSection":0,"lengthInSteps":16,"altAnim":false,"mustHitSection":true,"changeBPM":false,"bpm":200},{"sectionNotes":[[153675,1,150],[153975,2,0],[154050,3,225],[154575,2,0],[154650,1,0],[154650,2,0]],"typeOfSection":0,"lengthInSteps":16,"altAnim":false,"mustHitSection":false,"changeBPM":false,"bpm":200},{"sectionNotes":[[154950,2,150],[155175,1,150],[155325,2,150],[155550,3,0],[155700,2,0],[155850,1,0]],"typeOfSection":0,"lengthInSteps":16,"altAnim":false,"mustHitSection":false,"changeBPM":false,"bpm":200},{"sectionNotes":[[156075,1,300],[156450,2,0],[156600,3,0],[156750,2,0],[156825,1,0],[156975,2,0]],"typeOfSection":0,"lengthInSteps":16,"altAnim":false,"mustHitSection":false,"changeBPM":false,"bpm":200},{"sectionNotes":[[157200,3,0],[157275,3,0],[157350,3,0],[157575,2,150],[157800,1,150],[157950,2,150],[158175,3,150]],"typeOfSection":0,"lengthInSteps":16,"altAnim":false,"mustHitSection":false,"changeBPM":false,"bpm":200},{"sectionNotes":[[158475,1,150],[158775,2,0],[158850,3,225],[159375,2,0],[159450,1,0],[159450,2,0]],"typeOfSection":0,"lengthInSteps":16,"altAnim":false,"mustHitSection":true,"changeBPM":false,"bpm":200},{"sectionNotes":[[159750,2,150],[159975,1,150],[160125,2,150],[160350,3,0],[160500,2,0],[160650,1,0]],"typeOfSection":0,"lengthInSteps":16,"altAnim":false,"mustHitSection":true,"changeBPM":false,"bpm":200},{"sectionNotes":[[160875,1,300],[161250,2,0],[161400,3,0],[161550,2,0],[161625,1,0],[161775,2,0]],"typeOfSection":0,"lengthInSteps":16,"altAnim":false,"mustHitSection":true,"changeBPM":false,"bpm":200},{"sectionNotes":[[162000,3,0],[162075,3,0],[162150,3,0],[162375,2,150],[162600,1,150],[162750,2,150],[162975,3,150]],"typeOfSection":0,"lengthInSteps":16,"altAnim":false,"mustHitSection":true,"changeBPM":false,"bpm":200},{"sectionNotes":[[163275,1,150],[163575,2,0],[163650,3,225],[164175,2,0],[164250,1,0],[164250,2,0],[164025,3,0],[164100,3,0]],"typeOfSection":0,"lengthInSteps":16,"altAnim":false,"mustHitSection":false,"changeBPM":false,"bpm":200},{"sectionNotes":[[164550,2,150],[164775,1,150],[164925,2,150],[165150,3,0],[165300,2,0],[165450,1,0],[165225,3,0],[165375,2,0]],"typeOfSection":0,"lengthInSteps":16,"altAnim":false,"mustHitSection":false,"changeBPM":false,"bpm":200},{"sectionNotes":[[165675,1,300],[166050,2,0],[166200,3,0],[166350,2,0],[166425,1,0],[166575,2,0],[166125,2,0],[166275,2,0],[166575,3,0]],"typeOfSection":0,"lengthInSteps":16,"altAnim":false,"mustHitSection":false,"changeBPM":false,"bpm":200},{"sectionNotes":[[166800,3,0],[166875,3,0],[166950,3,0],[167175,2,150],[167400,1,150],[167550,2,150],[167775,3,150],[167325,3,0],[167775,2,0]],"typeOfSection":0,"lengthInSteps":16,"altAnim":false,"mustHitSection":false,"changeBPM":false,"bpm":200},{"sectionNotes":[[168075,1,150],[168375,2,0],[168450,3,225],[168975,2,0],[169050,1,0],[169050,2,0],[168825,3,0],[168900,3,0]],"typeOfSection":0,"lengthInSteps":16,"altAnim":false,"mustHitSection":true,"changeBPM":false,"bpm":200},{"sectionNotes":[[169350,2,150],[169575,1,150],[169725,2,150],[169950,3,0],[170100,2,0],[170250,1,0],[170025,3,0],[170175,2,0]],"typeOfSection":0,"lengthInSteps":16,"altAnim":false,"mustHitSection":true,"changeBPM":false,"bpm":200},{"sectionNotes":[[170475,1,300],[170850,2,0],[171000,3,0],[171150,2,0],[171225,1,0],[171375,2,0],[170925,2,0],[171075,2,0],[171375,3,0]],"typeOfSection":0,"lengthInSteps":16,"altAnim":false,"mustHitSection":true,"changeBPM":false,"bpm":200},{"sectionNotes":[[171600,3,0],[171675,3,0],[171750,3,0],[171975,2,150],[172200,1,150],[172350,2,150],[172575,3,150],[172125,3,0],[172575,2,0]],"typeOfSection":0,"lengthInSteps":16,"altAnim":false,"mustHitSection":true,"changeBPM":false,"bpm":200},{"sectionNotes":[],"typeOfSection":0,"lengthInSteps":16,"altAnim":false,"mustHitSection":true,"changeBPM":false,"bpm":200},{"lengthInSteps":16,"altAnim":false,"typeOfSection":0,"sectionNotes":[],"bpm":200,"changeBPM":false,"mustHitSection":true},{"lengthInSteps":16,"altAnim":false,"typeOfSection":0,"sectionNotes":[],"bpm":200,"changeBPM":false,"mustHitSection":true}],"song":"ruckus","validScore":true,"sections":0,"needsVoices":true,"bpm":200,"speed":2}}